rank,Institution,Country,Share 2019,Share 2020,Count 2020,Change Adjusted in Share 2019-2020,lat,lng
1,Harvard University,United States of America (USA),923.94,927.26,2569,-3.2,42.3770029,-71.11666009999999
2,Stanford University,United States of America (USA),647.66,638.05,1687,-5.0,37.4274745,-122.169719
3,Massachusetts Institute of Technology (MIT),United States of America (USA),561.57,526.26,1841,-9.6,42.360091,-71.09416
4,The University of Tokyo (UTokyo),Japan,431.41,461.85,1308,3.2,35.7126775,139.761989
5,University of Oxford,United Kingdom (UK),455.82,458.8,1437,-2.9,51.7548164,-1.2543668
6,University of Cambridge,United Kingdom (UK),419.32,456.45,1439,5.0,52.2042666,0.1149085
7,University of Science and Technology of China (USTC),China,456.35,448.5,1270,-5.2,31.821994,117.28059
8,Peking University (PKU),China,438.3,446.11,1634,-1.9,39.986913,116.3058739
9,University of Chinese Academy of Sciences (UCAS),China,408.57,425.66,2503,0.5,40.408141,116.682386
10,Nanjing University (NJU),China,426.56,417.89,1022,-5.5,32.0568391,118.7789602
11,University of Michigan (U-M),United States of America (USA),343.84,398.64,1034,11.8,42.2780436,-83.7382241
12,"University of California, Berkeley (UC Berkeley)",United States of America (USA),390.15,394.96,1302,-2.4,37.8718992,-122.2585399
13,Tsinghua University,China,429.01,394.09,1360,-11.4,39.9996674,116.3264439
14,Swiss Federal Institute of Technology Zurich (ETH Zurich),Switzerland,403.35,377.72,1055,-9.7,47.37638889999999,8.547628
15,Yale University,United States of America (USA),339.38,356.24,1001,1.2,41.3163244,-72.92234309999999
16,University of Toronto (U of T),Canada,314.15,343.33,931,5.4,43.66090860000001,-79.39595179999999
17,Zhejiang University (ZJU),China,330.2,342.07,850,-0.1,30.30868439999999,120.0864995
18,"University of California, Los Angeles (UCLA)",United States of America (USA),339.11,339.09,1118,-3.6,34.068921,-118.4451811
19,"University of California, San Diego (UC San Diego)",United States of America (USA),342.62,338.45,1005,-4.8,32.8800604,-117.2340135
20,Columbia University in the City of New York (CU),United States of America (USA),304.14,331.37,1021,5.1,40.8075355,-73.9625727
21,Cornell University,United States of America (USA),320.19,315.87,991,-4.9,42.4534492,-76.4735027
22,Northwestern University (NU),United States of America (USA),317.97,315.58,757,-4.3,42.05336519999999,-87.67755749999999
23,University of Pennsylvania (Penn),United States of America (USA),301.04,307.72,864,-1.4,39.9522188,-75.1932137
24,National University of Singapore (NUS),Singapore,253.73,300.27,851,14.1,1.2966426,103.7763939
25,Shanghai Jiao Tong University (SJTU),China,244.55,295.15,839,16.4,31.0252201,121.4337784
26,California Institute of Technology (Caltech),United States of America (USA),286.98,293.44,899,-1.4,34.1376576,-118.125269
27,Johns Hopkins University (JHU),United States of America (USA),287.39,293.38,928,-1.6,39.3299013,-76.6205177
28,Fudan University,China,271.65,291.18,799,3.4,31.2974197,121.5036178
29,Princeton University,United States of America (USA),261.02,275.69,763,1.8,40.3430942,-74.65507389999999
30,Sun Yat-sen University (SYSU),China,260.16,269.22,715,-0.2,23.0965384,113.298883
31,University of Washington (UW),United States of America (USA),303.96,268.45,958,-14.8,47.65533509999999,-122.3035199
32,Kyoto University,Japan,252.11,267.94,696,2.5,35.0262444,135.7808218
33,The University of Texas at Austin (UT Austin),United States of America (USA),222.32,260.84,732,13.1,30.2849185,-97.7340567
34,Swiss Federal Institute of Technology Lausanne (EPFL),Switzerland,268.84,260.31,630,-6.6,46.5190557,6.5667576
35,Imperial College London (ICL),United Kingdom (UK),221.28,254.49,962,10.9,51.49882220000001,-0.1748735
36,The University of Chicago (UChicago),United States of America (USA),238.09,252.21,732,2.1,41.7886079,-87.5987133
37,"University of California, San Francisco (UCSF)",United States of America (USA),215.93,235.14,697,5.0,37.7626459,-122.4587106
38,Nankai University (NKU),China,244.9,230.53,565,-9.2,39.10394429999999,117.1742232
39,The Pennsylvania State University (Penn State),United States of America (USA),200.57,227.29,609,9.3,40.7982133,-77.8599084
40,Washington University in St. Louis (WUSTL),United States of America (USA),197.6,221.64,572,8.2,38.6487895,-90.3107962
41,Southern University of Science and Technology (SUSTech),China,128.09,221.61,591,66.8,22.593969,113.99894
42,Nanyang Technological University (NTU),Singapore,231.95,221.41,571,-8.0,1.3483099,103.6831347
43,Sichuan University (SCU),China,223.78,220.61,396,-4.9,30.663964,104.071022
44,Duke University,United States of America (USA),227.2,218.93,704,-7.1,36.0014258,-78.9382286
45,University of Illinois at Urbana-Champaign (UIUC),United States of America (USA),230.7,216.17,574,-9.7,40.1019523,-88.2271615
46,University of Minnesota (UMN),United States of America (USA),214.52,214.59,664,-3.5,44.97399,-93.2277285
47,UCL,United Kingdom (UK),216.73,211.46,919,-5.9,34.0158595,-117.959792
48,University of Wisconsin-Madison (UW-Madison),United States of America (USA),236.08,209.27,620,-14.5,43.076592,-89.4124875
49,Wuhan University (WHU),China,217.16,208.92,496,-7.2,30.535753,114.362248
50,New York University (NYU),United States of America (USA),192.48,202.12,639,1.3,40.7294985,-73.9964629
51,Seoul National University (SNU),South Korea,168.34,199.8,552,14.4,37.4565095,126.9500385
52,"University of California, Santa Barbara (UCSB)",United States of America (USA),200.75,197.29,579,-5.2,34.4139629,-119.848947
53,Soochow University,China,229.36,197.13,424,-17.1,31.303257,120.651928
54,Xiamen University (XMU),China,182.9,195.41,395,3.0,24.4373484,118.097855
55,"University of California, Davis (UC Davis)",United States of America (USA),164.45,190.52,583,11.7,38.5382322,-121.7617125
56,Korea Advanced Institute of Science and Technology (KAIST),South Korea,151.84,189.28,400,20.2,36.3721427,127.36039
57,Osaka University,Japan,182.59,185.04,520,-2.3,34.8220139,135.5244676
58,Jilin University (JLU),China,161.88,180.65,415,7.6,43.82572,125.2850161
59,Texas A&M University (TAMU),United States of America (USA),146.61,177.77,519,16.9,30.61873829999999,-96.3364791
60,The University of North Carolina at Chapel Hill (UNC),United States of America (USA),168.66,175.53,522,0.4,35.9049122,-79.0469134
61,Tianjin University (TJU),China,157.12,173.64,662,6.6,39.108067,117.176196
62,Weizmann Institute of Science (WIS),Israel,153.37,173.55,428,9.1,31.90375409999999,34.8080315
63,Huazhong University of Science and Technology (HUST),China,195.02,171.84,461,-15.0,30.5130043,114.4202756
64,University of Colorado Boulder (CU-Boulder),United States of America (USA),170.48,167.53,646,-5.2,40.00758099999999,-105.2659417
65,Ludwig Maximilians University of Munich (LMU),Germany,184.11,162.96,649,-14.7,48.1504827,11.5802362
66,Tohoku University,Japan,142.55,162.21,481,9.7,38.253834,140.874074
67,McGill University,Canada,161.37,161.48,584,-3.5,45.50478469999999,-73.5771511
68,Technical University of Munich (TUM),Germany,154.85,161.35,631,0.5,48.14966,11.5678602
69,The University of Queensland (UQ),Australia,116.36,160.78,522,33.2,-27.4975028,153.0136905
70,University of Pittsburgh (Pitt),United States of America (USA),145.73,160.31,520,6.1,40.4443533,-79.960835
71,Purdue University,United States of America (USA),139.82,159.44,431,10.0,40.4237054,-86.92119459999999
72,The Ohio State University (OSU),United States of America (USA),157.1,159.15,570,-2.3,40.0066723,-83.0304546
73,University of Copenhagen (UCPH),Denmark,151.43,158.41,665,0.9,55.6802303,12.5724096
74,"University of California, Irvine (UCI)",United States of America (USA),142.81,156.03,479,5.4,33.6404952,-117.8442962
75,"University of Maryland, College Park (UMCP)",United States of America (USA),163.4,155.95,661,-8.0,38.9869183,-76.9425543
76,University of New South Wales (UNSW Sydney),Australia,133.32,155.01,544,12.1,-33.917347,151.2312675
77,The University of Texas Southwestern Medical Center (UT Southwestern Medical Center),United States of America (USA),140.78,152.36,316,4.4,32.8138026,-96.8402121
78,Georgia Institute of Technology (Georgia Tech),United States of America (USA),162.63,149.61,458,-11.3,33.7756178,-84.39628499999999
79,The University of Manchester (UoM),United Kingdom (UK),146.03,148.4,570,-2.0,53.4668498,-2.2338837
80,Nagoya University,Japan,112.83,147.44,417,26.0,35.1538553,136.9682402
81,The University of Edinburgh,United Kingdom (UK),150.74,143.33,657,-8.3,55.9445158,-3.1892413
82,University of Zurich (UZH),Switzerland,136.44,143.13,652,1.2,47.3743221,8.550981199999999
83,University of Münster (WWU),Germany,109.32,140.77,362,24.2,51.963581,7.6132548
84,Hunan University (HNU),China,144.25,140.66,295,-6.0,28.178915,112.94395
85,East China Normal University (ECNU),China,116.93,140.07,326,15.5,31.227667,121.406829
86,Heidelberg University (Uni Heidelberg),Germany,138.84,138.21,625,-4.0,49.4190991,8.6702507
87,University of Bristol (UoB),United Kingdom (UK),134.57,137.69,471,-1.3,51.4528818,-2.6053084
88,Shandong University (SDU),China,122.11,135.8,596,7.2,36.64893,117.029014
89,Tokyo Institute of Technology (Tokyo Tech),Japan,149.51,134.95,385,-13.0,35.6051229,139.6835302
90,"Rutgers, The State University of New Jersey (RU)",United States of America (USA),137.33,134.69,505,-5.4,40.5008405,-74.44741739999999
91,Vanderbilt University (VU),United States of America (USA),117.25,134.27,427,10.4,36.1447034,-86.8026551
92,University of Southern California (USC),United States of America (USA),149.3,132.42,414,-14.5,34.0223519,-118.285117
93,Karlsruhe Institute of Technology (KIT),Germany,122.57,132.41,430,4.2,49.0119199,8.4170303
94,The University of British Columbia (UBC),Canada,144.05,132.32,519,-11.4,49.26060520000001,-123.2459938
95,The University of Utah (Utah),United States of America (USA),126.92,130.37,357,-0.9,40.7649368,-111.8421021
96,Harbin Institute of Technology (HIT),China,108.72,130.25,302,15.5,45.7470436,126.6334306
97,Utrecht University (UU),Netherlands,124.28,129.29,631,0.3,52.08518249999999,5.1757062
98,The Hong Kong University of Science and Technology (HKUST),China,120.74,127.97,378,2.2,22.3363998,114.2654655
99,Tongji University,China,110.2,127.16,433,11.3,31.2627211,121.4598975
100,Hebrew University of Jerusalem (HUJI),Israel,117.61,126.65,300,3.8,31.7945578,35.2414009
101,Monash University,Australia,131.79,125.43,540,-8.2,-37.9145125,145.1349971
102,Beijing Normal University (BNU),China,120.55,125.36,407,0.3,39.9619537,116.3662615
103,University of Würzburg (JMU),Germany,115.64,125.12,364,4.3,49.7881813,9.93526
104,Lanzhou University (LZU),China,115.86,124.72,297,3.8,36.0477699,103.8585624
105,South China University of Technology (SCUT),China,122.99,123.26,319,-3.4,23.151326,113.344683
106,University of Florida (UF),United States of America (USA),123.6,121.55,533,-5.2,29.6436325,-82.3549302
107,Technion-Israel Institute of Technology (IIT),Israel,98.17,121.38,284,19.2,32.7767783,35.0231271
108,Arizona State University (ASU),United States of America (USA),97.55,119.95,410,18.6,33.4242399,-111.9280527
109,Emory University,United States of America (USA),93.61,118.8,369,22.4,33.7971368,-84.32224
110,The University of Arizona (Arizona),United States of America (USA),93.0,118.4,446,22.8,32.2318851,-110.9501094
111,Uppsala University (UU),Sweden,93.13,116.53,489,20.6,59.85090049999999,17.6300093
112,University of Geneva (UNIGE),Switzerland,114.79,115.01,386,-3.4,46.199444,6.1451157
113,King Abdullah University of Science and Technology (KAUST),Saudi Arabia,107.66,114.89,278,2.9,22.309465,39.104697
114,Hokkaido University,Japan,111.33,113.26,289,-1.9,43.0779575,141.340013
115,Xi'an Jiaotong University (XJTU),China,119.42,113.14,311,-8.6,34.250803,108.983693
116,Catholic University of Leuven (KU Leuven),Belgium,108.96,112.78,401,-0.2,50.87795449999999,4.7002953
117,Boston University (BU),United States of America (USA),107.02,112.44,546,1.3,42.3504997,-71.1053991
118,Indiana University (IU),United States of America (USA),111.89,112.25,392,-3.3,39.1754487,-86.512627
119,Rice University,United States of America (USA),113.33,111.61,402,-5.0,29.7173941,-95.4018312
120,Kyushu University,Japan,100.61,111.36,339,6.7,33.6266584,130.4250445
121,The University of Melbourne (UniMelb),Australia,102.52,110.75,580,4.2,-37.7983459,144.960974
122,East China University of Science and Technology (ECUST),China,117.86,108.76,268,-11.0,31.140897,121.425248
123,University of Groningen (RUG),Netherlands,97.09,107.41,412,6.7,53.2192634,6.562987199999999
124,Sorbonne University,France,111.4,104.53,1108,-9.5,48.85055149999999,2.3403275
125,University of Göttingen,Germany,101.31,103.86,376,-1.1,51.5408116,9.9374005
126,Zhengzhou University (ZZU),China,80.58,103.38,420,23.7,34.808071,113.53581
127,University of Erlangen-Nuremberg (FAU),Germany,90.57,103.0,309,9.7,49.5978804,11.0045507
128,"University of California, Riverside (UCR)",United States of America (USA),113.2,102.73,320,-12.5,33.9737055,-117.3280644
129,University of Alberta (U of A),Canada,96.4,101.27,359,1.3,53.5232189,-113.5263186
130,University of Basel (UB),Switzerland,106.46,99.54,330,-9.8,47.55963879999999,7.5808315
131,Free University of Berlin (FU Berlin),Germany,102.96,99.51,588,-6.8,52.4543245,13.2934768
132,National Taiwan University (NTU),Taiwan,72.51,99.06,366,31.7,25.0173405,121.5397518
133,RWTH Aachen University (RWTH Aachen),Germany,102.31,98.84,402,-6.8,50.7800778,6.065686899999999
134,Yonsei University,South Korea,88.08,96.57,317,5.7,37.565784,126.938572
135,University of Virginia (UVA),United States of America (USA),86.95,95.42,340,5.8,38.0335529,-78.5079772
136,The University of Hong Kong (HKU),China,90.21,94.91,419,1.5,22.2829989,114.1370848
137,Karolinska Institute (KI),Sweden,83.1,94.89,418,10.1,59.34814839999999,18.0236579
138,Dresden University of Technology (TU Dresden),Germany,92.06,94.54,446,-1.0,51.0285861,13.7313505
139,Nanjing Tech University (NanjingTech),China,108.53,93.8,185,-16.7,32.076734,118.778139
140,City University of Hong Kong (CityU),China,67.21,93.41,314,34.0,22.3366793,114.1724234
141,Dalian University of Technology (DUT),China,105.83,92.81,202,-15.4,38.880381,121.529021
142,The Chinese University of Hong Kong (CUHK),China,90.9,92.57,381,-1.8,22.419625,114.2067606
143,Stockholm University,Sweden,82.46,91.35,494,6.8,59.3621737,18.057831
144,Aarhus University (AU),Denmark,91.37,91.17,304,-3.8,56.1681384,10.2030118
145,Tel Aviv University (TAU),Israel,108.21,90.79,317,-19.1,32.1133141,34.8043877
146,Pohang University of Science and Technology (POSTECH),South Korea,81.99,90.72,254,6.7,36.0138857,129.3231836
147,Ulsan National Institute of Science and Technology (UNIST),South Korea,84.8,90.69,221,3.1,35.5763317,129.189255
148,Delft University of Technology (TU Delft),Netherlands,80.84,90.48,267,7.9,52.0021919,4.3735766
149,Brown University,United States of America (USA),86.91,90.04,303,-0.1,41.8267718,-71.4025482
150,State University of New York at Stony Brook (SUNY Stony Brook),United States of America (USA),78.66,89.87,377,10.2,40.90479620000001,-73.12396489999999
151,Central South University (CSU),China,87.64,88.77,275,-2.3,28.16437,112.93251
152,Baylor College of Medicine (BCM),United States of America (USA),82.42,87.75,359,2.7,29.71052959999999,-95.396499
153,Australian National University (ANU),Australia,104.58,87.71,328,-19.1,-35.2776999,149.118527
154,University of Tübingen (Uni Tübingen),Germany,85.04,87.61,365,-0.7,48.5294782,9.043774
155,Leiden University,Netherlands,82.57,86.37,360,0.9,52.1571485,4.485209
156,King's College London (KCL),United Kingdom (UK),75.8,86.2,417,9.7,51.5114864,-0.115997
157,University of Freiburg (Uni Freiburg),Germany,105.2,85.87,292,-21.3,47.9935441,7.845949599999999
158,Lund University (LU),Sweden,77.27,85.66,372,6.9,55.7119483,13.203493
159,Michigan State University (MSU),United States of America (USA),71.44,85.43,394,15.3,42.701848,-84.4821719
160,Beijing Institute of Technology (BIT),China,86.39,84.94,210,-5.2,39.9603704,116.3123886
161,North Carolina State University (NCSU),United States of America (USA),88.05,84.28,278,-7.7,35.7846633,-78.6820946
162,The Rockefeller University,United States of America (USA),93.6,84.17,244,-13.3,40.7624872,-73.9556762
163,Shenzhen University (SZU),China,77.74,84.13,269,4.3,22.53306,113.932813
164,Southeast University (SEU),China,81.26,83.88,210,-0.5,28.0301306,-81.9179961
165,University of Illinois at Chicago (UIC),United States of America (USA),65.41,82.54,300,21.7,41.8696074,-87.64962179999999
166,"Icahn School of Medicine at Mount Sinai (ISMMS), MSHS",United States of America (USA),62.24,82.51,329,27.8,40.7898178,-73.9532394
167,University of Massachusetts Amherst (UMass Amherst),United States of America (USA),78.96,82.36,292,0.6,42.3867598,-72.5300515
168,Virginia Polytechnic Institute and State University (Virginia Tech),United States of America (USA),65.36,82.03,230,21.0,37.22838429999999,-80.42341669999999
169,University of Leeds,United Kingdom (UK),72.41,81.43,293,8.4,53.8066815,-1.5550328
170,Ghent University (UGent),Belgium,75.76,80.69,321,2.7,51.0246858,3.7253383
171,Technical University of Denmark (DTU),Denmark,71.21,79.97,283,8.3,55.7855742,12.521381
172,Durham University,United Kingdom (UK),85.03,79.94,265,-9.3,54.7649859,-1.5782029
173,University of Hamburg (UHH),Germany,91.95,79.51,436,-16.6,53.5665641,9.9846195
174,University of Rochester (UR),United States of America (USA),72.67,79.49,269,5.5,43.1305531,-77.6260033
175,University of Paris,France,70.77,79.22,856,7.9,48.8555297,2.3327357
176,Colorado State University,United States of America (USA),95.46,79.17,263,-20.0,40.57341479999999,-105.0865487
177,Beijing University of Chemical Technology (BUCT),China,87.23,78.79,192,-12.9,39.970954,116.421053
178,University of Barcelona (UB),Spain,68.37,77.31,415,9.0,41.3867751,2.1637278
179,Johannes Gutenberg University Mainz (JGU),Germany,84.51,77.07,364,-12.1,49.9926403,8.241555199999999
180,Indian Institute of Science (IISc),India,84.82,76.97,193,-12.5,13.0218597,77.5671423
181,Southwest University (SWU),China,78.21,76.68,121,-5.5,29.819746765416458,106.42648575123084
182,Beihang University (BUAA),China,90.07,76.54,352,-18.1,39.984792,116.344527
183,The University of Texas MD Anderson Cancer Center,United States of America (USA),74.45,76.52,329,-0.9,29.7068146,-95.3971547
184,University of Amsterdam (UvA),Netherlands,88.98,76.13,584,-17.5,52.35581819999999,4.955726299999999
185,University of Southampton (Soton),United Kingdom (UK),75.96,76.08,332,-3.4,50.9351092,-1.3957594
186,University of Oslo (UiO),Norway,77.55,75.99,351,-5.5,59.9399586,10.7217496
187,Jinan University (JNU),China,66.02,75.97,200,11.0,23.128057,113.347721
188,China University of Geosciences (CUG),China,65.43,75.31,213,11.0,30.5160618,114.4024568
189,Radboud University Nijmegen (RU),Netherlands,74.16,75.29,497,-2.1,51.8220189,5.863818699999999
190,University of Bern (UniBE),Switzerland,62.85,75.28,340,15.5,46.9504896,7.438119
191,Goethe University Frankfurt (GU),Germany,83.98,75.26,291,-13.6,50.1270675,8.6677635
192,Chongqing University (CQU),China,59.18,74.92,171,22.1,29.56488,106.468097
193,The University of Sydney (USYD),Australia,80.45,74.72,376,-10.4,-33.8885748,151.1873494
194,Korea University,South Korea,65.29,74.56,316,10.1,37.590799,127.0277773
195,University of Vienna,Austria,86.4,74.22,299,-17.2,48.21318549999999,16.3600504
196,Iowa State University,United States of America (USA),64.25,74.04,230,11.1,42.0266573,-93.64645159999999
197,The University of Warwick (Warwick),United Kingdom (UK),73.57,74.0,333,-3.0,52.3792525,-1.5614704
198,University of Glasgow,United Kingdom (UK),86.06,73.87,412,-17.2,55.8724256,-4.2900009
199,Sungkyunkwan University (SKKU),South Korea,86.95,73.37,280,-18.6,37.588227,126.993606
200,"University of California, Santa Cruz (UCSC)",United States of America (USA),64.18,72.62,340,9.1,36.9880503,-122.0582093
201,Shandong Normal University (SDNU),China,66.98,72.58,141,4.5,36.65286652058097, 117.04212591279979
202,Florida State University (FSU),United States of America (USA),63.15,71.47,394,9.1,30.4418778,-84.2984889
203,University of Waterloo,Canada,70.86,71.36,184,-2.9,43.4722854,-80.5448576
204,University of Cincinnati (UC),United States of America (USA),65.33,71.2,250,5.1,39.1329219,-84.51495039999999
205,ShanghaiTech University,China,53.0,70.41,280,28.1,31.1763741,121.5924518
206,University of Lausanne (UNIL),Switzerland,64.91,70.08,241,4.1,46.5210895,6.5801606
207,University of Regensburg (UR),Germany,79.91,69.98,174,-15.6,48.9968045,12.0957868
208,Autonomous University of Madrid (UAM),Spain,73.22,69.83,387,-8.0,40.5466983,-3.6943619
209,Carnegie Mellon University (CMU),United States of America (USA),73.63,68.89,267,-9.8,40.4432027,-79.9428499
210,Humboldt University of Berlin (HU Berlin),Germany,59.37,68.47,569,11.2,52.517883,13.3936551
211,Queen Mary University of London (QMUL),United Kingdom (UK),55.96,68.32,302,17.7,51.5240671,-0.0403745
212,University of Bonn (Uni Bonn),Germany,72.19,68.24,331,-8.8,50.7267806,7.0864528
213,University of Oregon (UO),United States of America (USA),63.55,66.57,194,1.0,44.0448302,-123.0726055
214,University of Connecticut (UConn),United States of America (USA),60.51,65.83,216,4.9,41.8077414,-72.2539805
215,University of Cologne (UoC),Germany,71.21,65.52,262,-11.3,50.9282632,6.9293608
216,Eindhoven University of Technology (TU/e),Netherlands,68.24,65.48,158,-7.5,51.44860980000001,5.4907148
217,The University of Sheffield,United Kingdom (UK),79.55,65.23,269,-20.9,53.3813502,-1.4884229
218,University of Calgary (U of C),Canada,61.63,64.79,259,1.4,51.0775908,-114.140695
219,Chalmers University of Technology (Chalmers),Sweden,45.5,64.72,201,37.2,57.6898004,11.9741617
220,University of Delaware (UD),United States of America (USA),51.87,64.15,177,19.2,39.6779504,-75.7506114
221,University of Science and Technology Beijing (USTB),China,63.92,64.11,167,-3.3,39.989461,116.360026
222,The University of Georgia (UGA),United States of America (USA),44.04,63.8,189,39.7,33.9480053,-83.3773221
223,The University of Nottingham (UoN),United Kingdom (UK),52.77,63.62,233,16.2,52.93978269999999,-1.1929996
224,Technische Universität Berlin (TU Berlin),Germany,56.42,63.47,210,8.5,52.5125322,13.3269446
225,University of Helsinki,Finland,63.18,63.27,386,-3.4,60.1726348,24.9510419
226,The University of Iowa (UI),United States of America (USA),75.24,63.21,315,-19.0,41.66270780000001,-91.5549771
227,Case Western Reserve University (CWRU),United States of America (USA),66.1,62.7,211,-8.5,41.5043413,-81.6083838
228,University of Exeter,United Kingdom (UK),61.04,62.04,243,-2.0,50.7371369,-3.5351475
229,University of Liverpool,United Kingdom (UK),62.19,61.53,363,-4.6,53.40478239999999,-2.965299
230,University of Notre Dame (ND),United States of America (USA),52.69,60.75,224,11.2,41.6991133,-86.2387627
231,University of Houston (UH),United States of America (USA),57.9,60.6,219,0.9,29.7199489,-95.3422334
232,University of Paris-Sud (UPSud),France,69.86,60.58,665,-16.4,48.7034643,2.1814771
233,Fuzhou University (FZU),China,90.26,60.23,122,-35.7,26.0592637,119.1946705
234,KTH Royal Institute of Technology,Sweden,65.56,60.04,408,-11.7,59.3498706,18.0702566
235,University of the Basque Country (UPV/EHU),Spain,50.81,60.0,301,13.9,43.33140590000001,-2.9706058
236,University of Birmingham (UB),United Kingdom (UK),63.54,59.82,340,-9.2,52.4508168,-1.9305135
237,Shaanxi Normal University (SNNU),China,54.46,59.74,119,5.8,34.157596,108.893408
238,Ruhr University Bochum (RUB),Germany,58.63,59.36,213,-2.4,51.44566589999999,7.261609300000001
239,The City University of New York (CUNY),United States of America (USA),51.76,59.09,204,10.1,40.7379656,-73.9760519
240,Zhejiang University of Technology (ZJUT),China,49.36,58.24,134,13.8,30.225796,120.039175
241,The Hong Kong Polytechnic University (PolyU),China,41.77,58.02,220,33.9,22.3042407,114.1798118
242,University of Montreal (UdeM),Canada,57.11,57.08,363,-3.6,45.5056156,-73.61375919999999
243,University of São Paulo (USP),Brazil,51.25,56.51,293,6.3,-23.5613991,-46.7307891
244,University of Ottawa (uOttawa),Canada,57.7,56.21,181,-6.1,45.42310639999999,-75.68313289999999
245,Northwest University (NWU),China,54.93,55.76,117,-2.1,47.6576921,-122.1924837
246,Chinese Academy of Medical Sciences & Peking Union Medical College (CAMS & PUMC),China,53.51,55.58,198,0.1,39.911431,116.41481
247,The University of Tennessee at Knoxville (UTK),United States of America (USA),48.08,55.12,302,10.5,35.9544013,-83.92945639999999
248,University of Valencia (UV),Spain,54.31,55.05,323,-2.3,39.4790511,-0.3590873
249,"University at Buffalo, The State University of New York (SUNY UB)",United States of America (USA),49.33,54.78,153,7.1,43.0008093,-78.7889697
250,Shanghai University (SHU),China,60.39,54.63,139,-12.8,31.31480359999999,121.382746
251,Tufts University,United States of America (USA),43.8,54.46,249,19.9,42.4085371,-71.1182729
252,University of Hawai'i at Manoa (UH Mānoa),United States of America (USA),48.53,54.23,312,7.7,21.296939,-157.8171118
253,University of Massachusetts Medical School (UMass Medical School),United States of America (USA),63.57,54.17,227,-17.8,42.2786005,-71.76330779999999
254,University of Strasbourg,France,58.89,54.14,407,-11.4,48.5790692,7.766454499999999
255,Homi Bhabha National Institute (HBNI),India,56.83,53.48,202,-9.3,19.0338061,72.9260079
256,Washington State University (WSU),United States of America (USA),35.78,52.35,175,41.1,46.7319225,-117.1542121
257,University of Electronic Science and Technology of China (UESTC),China,45.96,52.35,154,9.8,30.6624863,104.1021662
258,Indian Institute of Technology Bombay (IIT Bombay),India,50.41,52.05,124,-0.4,19.1334302,72.9132679
259,University of Miami (UM),United States of America (USA),55.54,51.12,180,-11.3,25.7178924,-80.2746368
260,Oregon State University,United States of America (USA),50.01,51.11,190,-1.5,44.5637806,-123.2794443
261,Wageningen University & Research (WUR),Netherlands,44.56,50.79,200,9.9,51.9845558,5.6657696
262,Philipps University of Marburg (Uni Marburg),Germany,57.49,50.64,143,-15.1,50.8106859,8.7741641
263,University of Tsukuba,Japan,54.92,50.62,239,-11.1,36.1067848,140.1018998
264,Keio University,Japan,43.65,49.69,142,9.8,35.6489643,139.7429376
265,Oregon Health and Science University (OHSU),United States of America (USA),51.98,49.6,173,-8.0,45.4981043,-122.6856207
266,National Autonomous University of Mexico (UNAM),Mexico,47.24,49.59,206,1.2,19.3365296,-99.1886248
267,University of Toulouse,France,52.14,49.43,392,-8.6,33.2107885,-97.1468009
268,University of St Andrews,United Kingdom (UK),55.87,49.22,199,-15.1,56.3417136,-2.7942674
269,VU Amsterdam,Netherlands,43.88,49.21,456,8.1,52.3337568,4.8657199
270,Northwestern Polytechnical University (NPU),China,32.0,48.84,181,47.2,34.2459632,108.9138675
271,The University of Dublin,Ireland,41.97,48.79,173,12.1,53.3064642,-6.2254879
272,Northeast Normal University (NENU),China,48.85,48.71,91,-3.9,43.862026,125.331441
273,University of Kiel (CAU),Germany,42.32,48.43,195,10.3,54.3460549,10.1147022
274,University of Gothenburg (GU),Sweden,39.3,48.33,208,18.6,57.6981719,11.971878
275,Central China Normal University (CCNU),China,58.03,48.31,158,-19.7,30.520095,114.358183
276,Henan University (HENU),China,45.77,48.27,117,1.7,34.808921,114.369752
277,Lomonosov Moscow State University (MSU),Russia,43.78,48.06,338,5.8,55.70393490000001,37.5286696
278,Vienna University of Technology (TU Wien),Austria,46.19,47.1,206,-1.7,48.1986546,16.3684626
279,University of Padova (UNIPD),Italy,46.37,47.02,355,-2.2,45.406766,11.8774462
280,Donghua University (DHU),China,42.7,46.96,106,6.1,31.203459,121.414574
281,Friedrich Schiller University Jena (FSU),Germany,41.27,46.87,234,9.5,50.9294302,11.5896707
282,National Tsing Hua University (NTHU),Taiwan,49.71,46.83,193,-9.2,24.7961217,120.9966699
283,University of Lyon,France,45.72,46.74,456,-1.4,45.7485059,4.836593199999999
284,Aix-Marseille University (AMU),France,45.41,46.7,421,-0.8,43.2922073,5.359122699999999
285,University of Konstanz,Germany,52.51,46.7,108,-14.3,47.6895326,9.186840100000001
286,Cardiff University,United Kingdom (UK),49.24,46.53,192,-8.9,51.48662710000001,-3.1788641
287,Dartmouth College,United States of America (USA),53.86,46.48,166,-16.8,43.7044406,-72.2886935
288,University of Montpellier,France,43.69,46.41,394,2.4,43.63385330000001,3.8488781
289,University of Colorado Anschutz Medical Campus (CU Anschutz),United States of America (USA),55.45,46.24,166,-19.6,39.742917,-104.8393041
290,University of Bayreuth (UBT),Germany,39.92,46.05,118,11.2,49.9261858,11.5851826
291,Nanjing University of Science and Technology (NUST),China,41.84,45.98,107,6.0,32.035225,118.855317
292,Guangdong University of Technology (GDUT),China,25.03,45.77,127,76.4,23.033374,113.39728
293,The University of Kansas (KU),United States of America (USA),36.29,45.77,218,21.6,38.9543439,-95.2557961
294,China Agricultural University (CAU),China,42.88,44.96,114,1.1,40.004202,116.352988
295,Ben-Gurion University of the Negev (BGU),Israel,60.92,44.48,144,-29.6,31.262218,34.801461
296,The University of Texas at Dallas (UT Dallas),United States of America (USA),39.24,44.21,159,8.6,32.9857619,-96.7500993
297,Newcastle University,United Kingdom (UK),53.67,43.91,196,-21.1,54.9791871,-1.6146608
298,Nanjing Normal University (NNU),China,55.08,43.88,150,-23.2,32.054943,118.764947
299,Western University (UWO),Canada,53.02,43.79,122,-20.4,43.0095971,-81.2737336
300,Anhui University (AHU),China,27.04,43.59,116,55.5,31.768001,117.179546
301,Wuhan University of Technology (WUT),China,41.52,43.59,101,1.2,30.5986568,114.3424844
302,The University of Western Australia (UWA),Australia,51.5,43.56,244,-18.4,-31.9789061,115.8180721
303,Norwegian University of Science and Technology (NTNU),Norway,40.77,43.23,171,2.2,63.41949899999999,10.4020771
304,Leibniz University Hannover (LUH),Germany,33.59,43.17,118,23.9,52.3829641,9.7196989
305,Hanyang University (HYU),South Korea,53.23,43.08,187,-22.0,37.5571759,127.0454092
306,University of South Florida (USF),United States of America (USA),40.91,42.96,156,1.3,28.0587031,-82.41385389999999
307,Charles University (CU),Czech Republic,35.26,42.87,301,17.2,50.0871106,14.4234889
308,Catholic University of Louvain (UCLouvain),Belgium,34.84,42.63,193,18.0,50.6696767,4.615875
309,Complutense University of Madrid (UCM),Spain,32.35,42.12,223,25.5,40.4454368,-3.7299424
310,Indian Institute of Science Education and Research Kolkata (IISER Kolkata),India,35.88,42.05,63,13.0,22.9638419,88.5245023
311,McMaster University,Canada,44.57,41.81,113,-9.6,43.260879,-79.9192254
312,Okinawa Institute of Science and Technology Graduate University (OIST),Japan,25.66,41.79,107,57.1,26.4643027,127.8301869
313,University of Nebraska-Lincoln (UNL),United States of America (USA),47.29,41.75,195,-14.9,40.8201966,-96.70047629999999
314,University of Lisbon (ULISBOA),Portugal,41.02,41.72,240,-1.9,38.7526578,-9.158244999999999
315,The University of Oklahoma (OU),United States of America (USA),43.92,41.66,233,-8.5,35.2058936,-97.4457137
316,The University of Adelaide (Adelaide Uni),Australia,39.9,41.21,236,-0.4,-34.920603,138.6062277
317,South China Normal University (SCNU),China,49.82,40.92,158,-20.8,31.227667,121.406829
318,Nanchang University (NCU),China,40.74,40.58,94,-3.9,28.683529,115.937347
319,Shanxi University (SXU),China,28.72,40.48,155,35.9,37.8097105,112.5700854
320,China Pharmaceutical University (CPU),China,45.65,40.31,72,-14.9,32.072145,118.77875
321,University of Warsaw (UW),Poland,43.02,39.94,202,-10.5,52.2403463,21.0186012
322,Northeastern University (NEU),United States of America (USA),49.76,39.9,185,-22.7,42.3398067,-71.0891717
323,Yangzhou University (YZU),China,37.6,39.78,96,2.0,32.399078,119.389893
324,Jiangnan University,China,36.18,39.67,78,5.7,31.482675,120.277464
325,Heinrich Heine University Düsseldorf (HHU),Germany,30.18,39.6,152,26.5,51.19134039999999,6.7940893
326,University of Missouri (Mizzou),United States of America (USA),32.03,38.66,144,16.4,38.9403808,-92.32773750000001
327,University of Duisburg-Essen (UDE),Germany,33.1,38.65,140,12.6,51.4277172,6.801007999999999
328,Aalto University,Finland,39.47,38.49,232,-6.0,60.1866693,24.827682
329,Albert Einstein College of Medicine (Einstein),United States of America (USA),42.91,38.17,141,-14.2,40.8504961,-73.8459022
330,University of Florence (UNIFI),Italy,24.94,38.16,233,47.5,43.7776426,11.259765
331,Brandeis University,United States of America (USA),37.24,38.14,126,-1.2,42.3657375,-71.2585661
332,Grenoble Alpes University (UGA),France,46.0,38.03,532,-20.3,45.1914227,5.7672721
333,University of Bordeaux,France,36.94,37.52,273,-2.1,44.8258328,-0.6060217
334,University of Stuttgart,Germany,37.45,37.49,129,-3.5,48.7815142,9.1735818
335,Louisiana State University (LSU),United States of America (USA),45.74,37.45,158,-21.1,30.4132579,-91.1800023
336,Jagiellonian University (UJ),Poland,27.28,37.39,167,32.2,50.0609623,19.9341074
337,Nanjing University of Information Science and Technology (NUIST),China,26.73,37.32,165,34.6,32.20541,118.726956
338,Jawaharlal Nehru Centre for Advanced Scientific Research (JNCASR),India,21.14,37.3,60,70.1,13.068087,77.6102647
339,Linköping University (LiU),Sweden,39.69,36.78,113,-10.6,58.3978364,15.5760072
340,University of Wollongong (UOW),Australia,41.85,36.72,145,-15.4,-34.4054039,150.87843
341,University of Bath,United Kingdom (UK),31.13,36.68,126,13.6,32.7280118,-97.3638948
342,The University of New Mexico (UNM),United States of America (USA),31.39,36.68,186,12.7,35.0843187,-106.6197812
343,Kanazawa University (KU),Japan,32.75,36.63,102,7.9,36.5459066,136.7076053
344,University of York,United Kingdom (UK),40.86,36.61,176,-13.6,53.9461089,-1.0517718
345,University of Santiago de Compostela (USC),Spain,36.52,36.61,180,-3.3,42.8885225,-8.5449726
346,Qingdao University of Science and Technology (QUST),China,42.74,36.56,79,-17.5,36.119951,120.482157
347,Université Libre de Bruxelles (ULB),Belgium,32.39,35.98,213,7.1,50.8132068,4.3822222
348,Ocean University of China (OUC),China,28.9,35.85,203,19.6,36.061255,120.335301
349,Northwest A&F University (NWAFU),China,24.4,35.67,70,40.9,34.262298,108.073742
350,Northeastern University (NEU),China,25.67,35.64,69,33.8,42.3398067,-71.0891717
351,National Chiao Tung University (NCTU),Taiwan,30.02,35.52,112,14.1,24.7868862,120.9974969
352,University of Kentucky (UK),United States of America (USA),43.65,35.5,134,-21.6,38.0306511,-84.5039697
353,Sapienza University of Rome,Italy,50.31,35.19,331,-32.6,41.9037626,12.5144384
354,Okayama University,Japan,41.25,35.01,120,-18.2,34.687057,133.9222083
355,Institute of Science and Technology Austria (IST Austria),Austria,22.7,34.76,82,47.7,48.309852,16.259696
356,"University of Maryland, Baltimore (UMB)",United States of America (USA),28.86,34.21,118,14.3,39.2891716,-76.6261136
357,Ulm University,Germany,37.67,34.17,152,-12.5,32.5267122,-92.07317909999999
358,University of Bremen (Uni Bremen),Germany,27.59,34.16,128,19.4,53.1067848,8.8520527
359,Leipzig University,Germany,33.22,34.1,182,-1.0,51.3385738,12.3784615
360,Anhui Normal University (AHNU),China,17.54,33.56,60,84.5,31.284916,118.380545
361,Indian Institute of Technology Kanpur (IIT Kanpur),India,30.44,33.36,68,5.7,26.5123388,80.2329
362,Henan Normal University,China,48.8,33.3,91,-34.2,35.3268663,113.9159103
363,Kobe University,Japan,21.63,33.23,145,48.1,34.7253129,135.2346263
364,Clemson University,United States of America (USA),23.24,33.01,78,37.0,34.673407,-82.8367119
365,Hiroshima University (HU),Japan,34.52,32.61,120,-8.9,34.3989886,132.7140157
366,University of Bologna (UNIBO),Italy,33.12,32.57,307,-5.2,44.497053,11.3525179
367,University of Milan (UNIMI),Italy,22.02,32.49,265,42.2,45.4601435,9.194584299999999
368,Ningbo University (NBU),China,17.06,32.49,82,83.6,29.8813229,121.5320288
369,Curtin University,Australia,35.93,32.48,152,-12.8,-32.0061951,115.8944182
370,University of Innsbruck (LFU),Austria,37.23,32.41,147,-16.0,47.26335419999999,11.3838006
371,University of Technology Sydney (UTS),Australia,21.93,32.15,105,41.4,-33.8832376,151.2004942
372,Hunan Normal University (HUNNU),China,25.4,31.87,87,21.0,28.167918,112.937213
373,The University of Texas Health Science Center at Houston (UTHealth),United States of America (USA),29.22,31.87,174,5.2,29.7031663,-95.4032312
374,The University of Auckland,New Zealand,29.12,31.76,189,5.2,-36.8523378,174.7691073
375,University of Twente (UTwente),Netherlands,27.78,31.53,92,9.4,52.2396538,6.84979
376,Gwangju Institute of Science and Technology (GIST),South Korea,27.81,31.41,72,8.9,35.2275945,126.8393882
377,Lancaster University,United Kingdom (UK),27.69,31.12,177,8.4,54.0103942,-2.7877294
378,University of Antwerp (UA),Belgium,31.88,31.08,182,-6.0,51.2228097,4.4102318
379,Waseda University,Japan,25.63,31.07,104,16.9,35.7087334,139.7196485
380,University of Victoria (UVic),Canada,25.92,30.86,191,14.8,48.4634067,-123.3116935
381,Bar-Ilan University (BIU),Israel,38.66,30.78,94,-23.2,32.0691989,34.8430876
382,Technical University of Darmstadt (TU Darmstadt),Germany,30.3,30.64,131,-2.5,49.8748438,8.656333
383,Tianjin University of Technology (TJUT),China,20.87,30.57,62,41.2,39.061004,117.142023
384,TU Dortmund University,Germany,35.12,30.5,157,-16.2,51.4894786,7.4146594
385,Kyung Hee University (KHU),South Korea,24.17,30.48,158,21.6,37.5953632,127.0527612
386,The University of Alabama at Birmingham (UAB),United States of America (USA),34.97,30.43,147,-16.1,33.5019893,-86.8064433
387,Beijing University of Technology (BJUT),China,32.83,30.41,114,-10.7,39.871611,116.479529
388,Hefei University of Technology (HFUT),China,34.69,30.1,67,-16.3,31.847443,117.295572
389,Indian Institute of Science Education and Research Pune (IISER Pune),India,25.53,30.04,101,13.5,18.5474556,73.80759259999999
390,University of Central Florida (UCF),United States of America (USA),30.36,30.0,74,-4.7,28.6024274,-81.2000599
391,Yunnan University (YNU),China,24.19,29.94,76,19.4,25.0532915,102.7034758
392,Wayne State University,United States of America (USA),24.76,29.66,159,15.5,42.3591388,-83.06654619999999
393,Queen's University,Canada,23.77,29.5,171,19.6,44.2252795,-76.49514119999999
394,Huazhong Agricultural University (HZAU),China,27.14,29.47,79,4.7,30.475126,114.353035
395,University of Sussex,United Kingdom (UK),23.99,29.22,129,17.4,50.8677123,-0.0875492
396,Chiba University,Japan,21.27,29.1,106,31.9,35.6277755,140.1031276
397,Laval University (UL),Canada,33.57,29.09,141,-16.5,46.78174629999999,-71.2747424
398,University of Milano-Bicocca (UNIMIB),Italy,34.74,29.07,218,-19.3,45.5180008,9.2137481
399,Macquarie University,Australia,29.09,29.01,142,-3.8,-33.77382370000001,151.1126498
400,Royal Melbourne Institute of Technology (RMIT University),Australia,24.49,28.55,113,12.4,-37.8084139,144.9640061
401,Temple University,United States of America (USA),43.62,28.46,110,-37.1,39.9805942,-75.1557376
402,Wenzhou University (WZU),China,14.29,28.38,65,91.6,28.00676,120.676186
403,University of Bergen (UIB),Norway,33.84,28.35,246,-19.2,60.3878586,5.3217549
404,West Virginia University (WVU),United States of America (USA),22.64,28.32,87,20.6,39.6480359,-79.9697147
405,Boston College (BC),United States of America (USA),42.07,28.23,76,-35.3,42.3355488,-71.16849450000001
406,University of Naples Federico II (UNINA),Italy,26.35,28.18,276,3.1,40.84663030000001,14.2568226
407,Indian Institute of Technology Guwahati (IIT Guwahati),India,34.48,28.11,48,-21.4,26.1878083,91.6915834
408,Queensland University of Technology (QUT),Australia,25.1,28.1,125,7.9,-27.477617,153.0302635
409,Institute for Advanced Study (IAS),United States of America (USA),24.14,28.08,80,12.2,40.3316778,-74.66808329999999
410,Tulane University,United States of America (USA),21.34,28.0,85,26.5,29.9407282,-90.12031669999999
411,Hebei University (HBU),China,16.82,27.97,62,60.4,29.6951812,-95.5154153
412,Bielefeld University,Germany,20.06,27.89,66,34.1,52.0367238,8.4952413
413,University of Otago,New Zealand,32.88,27.59,138,-19.1,-45.8646835,170.5144227
414,Simon Fraser University (SFU),Canada,26.99,27.26,170,-2.6,49.2780937,-122.9198833
415,Indian Institute of Technology Madras (IIT Madras),India,42.62,27.06,133,-38.8,12.9915639,80.2336857
416,Southern Medical University (SMU),China,21.66,26.93,90,19.9,32.8422723,-96.78562649999999
417,Saarland University (Saar-Uni),Germany,27.95,26.86,93,-7.4,49.2550284,7.040975
418,University of South Carolina - Columbia (SC),United States of America (USA),51.0,26.74,82,-49.4,33.9937575,-81.0299186
419,National Institute of Applied Sciences (INSA),France,27.37,26.65,265,-6.1,49.3849757,1.0683257
420,Qingdao University (QU),China,30.16,26.39,78,-15.6,36.068847,120.428165
421,Queen's University Belfast (QUB),United Kingdom (UK),27.31,26.3,104,-7.1,54.5844087,-5.9340493
422,Hubei University (HUBU),China,15.99,26.24,61,58.2,30.5604645,114.3174596
423,University of Jinan (UJN),China,44.96,26.2,62,-43.8,36.616528,116.966214
424,Giessen University (JLU),Germany,28.17,26.08,178,-10.7,50.5804674,8.6771403
425,Erasmus University Rotterdam (EUR),Netherlands,22.94,26.0,162,9.3,51.9165475,4.5259762
426,Umeå University (UMU),Sweden,22.8,25.78,127,9.0,63.82022240000001,20.3054461
427,Martin Luther University Halle-Wittenberg (MLU),Germany,24.15,25.74,134,2.7,51.4861319,11.9695315
428,Jiangsu Normal University (JSNU),China,25.7,25.67,51,-3.7,34.198426,117.184271
429,"University of Nevada, Reno (UNR)",United States of America (USA),23.0,25.66,76,7.6,39.5453298,-119.8161541
430,University of Strathclyde,United Kingdom (UK),22.48,25.61,102,9.9,55.862111,-4.2423927
431,University of Potsdam,Germany,28.35,25.51,154,-13.2,52.4010314,13.0119098
432,Drexel University,United States of America (USA),33.07,25.46,106,-25.8,39.9566127,-75.18994409999999
433,Hong Kong Baptist University (HKBU),China,20.94,25.37,101,16.8,22.3408088,114.1798757
434,Pusan National University (PNU),South Korea,21.74,25.3,101,12.2,35.2335123,129.0810047
435,Syracuse University,United States of America (USA),17.33,25.14,103,39.9,43.0391534,-76.1351158
436,Autonomous University of Barcelona (UAB),Spain,26.21,25.01,259,-8.0,41.5020282,2.1046866
437,Nanjing Medical University (NJMU),China,21.99,25.01,103,9.7,32.043846,118.774763
438,Changzhou University (CZU),China,34.6,24.97,45,-30.4,31.684237,119.955141
439,University of Oviedo (UniOvi),Spain,20.53,24.87,164,16.8,43.3617481,-5.8462782
440,École Normale Supérieure (ENS Paris),France,28.96,24.65,329,-17.9,48.8422058,2.3451689
441,Nanjing Agricultural University (NAU),China,38.15,24.59,72,-37.8,32.033399,118.842587
442,University of Jyväskylä,Finland,19.3,24.56,188,22.7,62.23653170000001,25.7316336
443,University of Oldenburg,Germany,11.71,24.55,64,102.1,53.1467333,8.183124
444,China University of Petroleum (CUP),China,17.11,24.45,51,37.8,40.219336,116.247391
445,National Cheng Kung University (NCKU),Taiwan,19.45,24.01,83,19.1,22.9988945,120.216945
446,Scuola Internazionale Superiore di Studi Avanzati (SISSA),Italy,29.44,23.77,96,-22.1,45.6798192,13.7750606
447,University of Pisa (UNIPI),Italy,20.21,23.73,250,13.2,43.7167235,10.3988593
448,Army Medical University,China,21.64,23.42,133,4.4,29.535686339835127,106.44803189540127
449,University of Turin (UNITO),Italy,21.92,23.33,251,2.6,45.06942799999999,7.6889006
450,University of Buenos Aires (UBA),Argentina,16.1,23.24,142,39.1,-34.5998875,-58.37306949999999
451,University of Leicester,United Kingdom (UK),21.17,23.22,111,5.8,52.6211393,-1.1246325
452,Guangzhou University (GU),China,14.02,23.22,68,59.7,23.446473,113.491
453,Ewha Womans University (Ewha),South Korea,27.15,23.13,80,-17.8,37.5618588,126.9468339
454,Rensselaer Polytechnic Institute (RPI),United States of America (USA),23.3,23.12,70,-4.3,42.7297628,-73.67888839999999
455,University of Liège (ULg),Belgium,23.22,23.03,104,-4.4,50.5830803,5.559063999999999
456,Dalhousie University,Canada,28.1,23.02,100,-21.0,44.63658119999999,-63.59165549999999
457,Saint Petersburg State University (SPbU),Russia,27.26,23.01,101,-18.6,59.941894,30.2989199
458,Texas Tech University (TTU),United States of America (USA),16.91,23.01,148,31.2,33.5842591,-101.8782822
459,Griffith University,Australia,23.7,23.0,85,-6.4,35.1963611,-80.8113139
460,University of Saskatchewan (U of S),Canada,20.13,22.85,105,9.4,52.1334003,-106.6313582
461,Indian Institute of Technology Kharagpur (IIT Kharagpur),India,23.76,22.8,36,-7.5,22.3149274,87.31053109999999
462,Hohai University (HHU),China,9.97,22.71,56,119.6,32.054204,118.756843
463,University of Southern Denmark (SDU),Denmark,20.97,22.47,123,3.3,55.3689827,10.4282364
464,Swansea University,United Kingdom (UK),18.16,22.46,84,19.2,51.6092184,-3.9799524
465,Moscow Institute of Physics and Technology - State University (MIPT),Russia,15.51,22.19,196,37.9,55.9297243,37.5199434
466,"China University of Geosciences, Beijing (CUGB)",China,29.87,22.16,63,-28.5,43.4722854,-80.5448576
467,Chung-Ang University (CAU),South Korea,20.88,22.13,56,2.2,37.5050881,126.9571012
468,Guangzhou Medical University (GMU),China,16.06,22.09,106,32.6,23.132859,113.255442
469,Tokyo Medical and Dental University (TMDU),Japan,10.63,22.04,68,99.9,35.7014781,139.7642268
470,University of East Anglia (UEA),United Kingdom (UK),24.58,22.04,109,-13.5,52.6219215,1.2391761
471,Skolkovo Institute of Science and Technology (Skoltech),Russia,13.73,22.0,97,54.5,55.6977407,37.3595732
472,University of Texas Medical Branch (UTMB),United States of America (USA),17.48,21.95,66,21.0,29.3108605,-94.7769758
473,The George Washington University (GW),United States of America (USA),18.1,21.87,97,16.5,38.8997145,-77.0485992
474,University College Dublin (UCD),Ireland,14.42,21.84,176,46.0,53.3064642,-6.2254879
475,Tokyo University of Science (TUS),Japan,24.32,21.79,68,-13.6,35.699827,139.7414458
476,Auburn University,United States of America (USA),26.49,21.72,88,-20.9,32.5933574,-85.4951663
477,Masaryk University (MU),Czech Republic,19.26,21.64,118,8.3,49.19862990000001,16.605384
478,Hangzhou Normal University (HZNU),China,25.2,21.54,73,-17.6,30.289532,120.009886
479,University of Fribourg (UNIFR),Switzerland,31.07,21.54,95,-33.2,46.806357,7.152006
480,University of Iceland,Iceland,15.84,21.5,88,30.8,64.1396203,-21.9518896
481,Zhejiang Sci-Tech University (ZSTU),China,15.5,21.4,46,33.1,30.315807,120.3517315
482,University of Granada (UGR),Spain,22.73,21.34,137,-9.5,37.1935017,-3.5966277
483,University of Dundee,United Kingdom (UK),25.3,21.31,103,-18.8,56.45824469999999,-2.9821428
484,Colorado School of Mines,United States of America (USA),13.79,21.2,80,48.2,39.7510475,-105.2225708
485,Jiangxi Normal University (JXNU),China,18.64,21.12,53,9.2,28.6785,116.031212
486,ITMO National Research University (ITMO University),Russia,15.51,21.1,63,31.2,59.95717999999999,30.3083389
487,The University of Texas at San Antonio (UTSA),United States of America (USA),22.95,21.01,65,-11.7,29.5827351,-98.6189053
488,University of Tasmania (UTAS),Australia,18.08,20.96,123,11.8,-42.9041118,147.3247504
489,The University of Texas Health Science Center at San Antonio (UT Health San Antonio),United States of America (USA),16.66,20.95,68,21.2,29.5074654,-98.57535209999999
490,Huaqiao University (HQU),China,25.08,20.91,35,-19.6,24.934879,118.645694
491,University of Lorraine (UL),France,16.31,20.79,126,22.9,48.6961769,6.1765379
492,University of Ljubljana,Slovenia,20.27,20.78,134,-1.1,46.0491938,14.5041552
493,Indian Institute of Science Education and Research Bhopal (IISER Bhopal),India,22.85,20.55,29,-13.3,23.2884446,77.2756983
494,University of Macau (UM),China,15.33,20.29,83,27.6,22.130002,113.5457795
495,University of Reading,United Kingdom (UK),29.83,20.23,95,-34.6,51.4414205,-0.9418157
496,University of Turku (UTU),Finland,20.14,20.13,98,-3.6,60.4562974,22.2851138
497,Swedish University of Agricultural Sciences (SLU),Sweden,20.38,20.08,103,-5.0,59.81497100000001,17.6628719
498,Utah State University (USU),United States of America (USA),17.36,20.04,92,11.3,41.745161,-111.8097425
499,Polytechnic University of Milan,Italy,20.41,19.95,97,-5.8,45.5028572,9.1565281
500,Renmin University of China (RUC),China,21.89,19.91,63,-12.3,39.9696062,116.3188145
